,product_name,product_price,product_rating,product_link
0,Wesley Milestone 2.0 Casual Waterproof Laptop Backpack/Office Bag/School Bag/College Bag/Business Bag/Travel Backpack (Dimensions:13x18 inches) (Compatible with 39.62cm(15.6inch laptop) 30 L (Blue & black),598,4.3,/Wesley-Milestone-Waterproof-Backpack-Business/dp/B084JGJ8PF
1,Wesley Milestone 2.0 Casual Waterproof Laptop Backpack/Office Bag/School Bag/College Bag/Business Bag/Travel Backpack (Dimensions:13x18 inches) (Compatible with 39.62cm(15.6inch laptop) 30 L (Blue & black),598,4.3,/Wesley-Milestone-Waterproof-Backpack-Business/dp/B084JGJ8PF
2,Wesley Milestone 2.0 Casual Waterproof Laptop Backpack/Office Bag/School Bag/College Bag/Business Bag/Travel Backpack (Dimensions:13x18 inches) (Compatible with 39.62cm(15.6inch laptop) 30 L (Blue & black),598,4.3,/Wesley-Milestone-Waterproof-Backpack-Business/dp/B084JGJ8PF
3,Wesley Milestone 2.0 Casual Waterproof Laptop Backpack/Office Bag/School Bag/College Bag/Business Bag/Travel Backpack (Dimensions:13x18 inches) (Compatible with 39.62cm(15.6inch laptop) 30 L (Blue & black),598,4.3,/Wesley-Milestone-Waterproof-Backpack-Business/dp/B084JGJ8PF
4,Wesley Milestone 2.0 Casual Waterproof Laptop Backpack/Office Bag/School Bag/College Bag/Business Bag/Travel Backpack (Dimensions:13x18 inches) (Compatible with 39.62cm(15.6inch laptop) 30 L (Blue & black),598,4.3,/Wesley-Milestone-Waterproof-Backpack-Business/dp/B084JGJ8PF
5,Wesley Milestone 2.0 Casual Waterproof Laptop Backpack/Office Bag/School Bag/College Bag/Business Bag/Travel Backpack (Dimensions:13x18 inches) (Compatible with 39.62cm(15.6inch laptop) 30 L (Blue & black),598,4.3,/Wesley-Milestone-Waterproof-Backpack-Business/dp/B084JGJ8PF
6,Wesley Milestone 2.0 Casual Waterproof Laptop Backpack/Office Bag/School Bag/College Bag/Business Bag/Travel Backpack (Dimensions:13x18 inches) (Compatible with 39.62cm(15.6inch laptop) 30 L (Blue & black),598,4.3,/Wesley-Milestone-Waterproof-Backpack-Business/dp/B084JGJ8PF
7,Wesley Milestone 2.0 Casual Waterproof Laptop Backpack/Office Bag/School Bag/College Bag/Business Bag/Travel Backpack (Dimensions:13x18 inches) (Compatible with 39.62cm(15.6inch laptop) 30 L (Blue & black),598,4.3,/Wesley-Milestone-Waterproof-Backpack-Business/dp/B084JGJ8PF
8,American Tourister 32 Ltrs Black Casual Backpack (AMT FIZZ SCH BAG 02 - BLACK),"1,199",4.0,/American-Tourister-AMT-SCH-02/dp/B07CJCGM1M
9,American Tourister 32 Ltrs Black Casual Backpack (AMT FIZZ SCH BAG 02 - BLACK),"1,199",4.0,/American-Tourister-AMT-SCH-02/dp/B07CJCGM1M
10,American Tourister 32 Ltrs Black Casual Backpack (AMT FIZZ SCH BAG 02 - BLACK),"1,199",4.0,/American-Tourister-AMT-SCH-02/dp/B07CJCGM1M
11,American Tourister 32 Ltrs Black Casual Backpack (AMT FIZZ SCH BAG 02 - BLACK),"1,199",4.0,/American-Tourister-AMT-SCH-02/dp/B07CJCGM1M
12,American Tourister 32 Ltrs Black Casual Backpack (AMT FIZZ SCH BAG 02 - BLACK),"1,199",4.0,/American-Tourister-AMT-SCH-02/dp/B07CJCGM1M
13,American Tourister 32 Ltrs Black Casual Backpack (AMT FIZZ SCH BAG 02 - BLACK),"1,199",4.0,/American-Tourister-AMT-SCH-02/dp/B07CJCGM1M
14,American Tourister 32 Ltrs Black Casual Backpack (AMT FIZZ SCH BAG 02 - BLACK),"1,199",4.0,/American-Tourister-AMT-SCH-02/dp/B07CJCGM1M
15,American Tourister 32 Ltrs Black Casual Backpack (AMT FIZZ SCH BAG 02 - BLACK),"1,199",4.0,/American-Tourister-AMT-SCH-02/dp/B07CJCGM1M
16,Skybags Brat Black 46 Cms Casual Backpack,630,4.1,/Skybags-Brat-Black-Casual-Backpack/dp/B08Z1HHHTD
17,Skybags Brat Black 46 Cms Casual Backpack,630,4.1,/Skybags-Brat-Black-Casual-Backpack/dp/B08Z1HHHTD
18,Skybags Brat Black 46 Cms Casual Backpack,630,4.1,/Skybags-Brat-Black-Casual-Backpack/dp/B08Z1HHHTD
19,Skybags Brat Black 46 Cms Casual Backpack,630,4.1,/Skybags-Brat-Black-Casual-Backpack/dp/B08Z1HHHTD
20,Skybags Brat Black 46 Cms Casual Backpack,630,4.1,/Skybags-Brat-Black-Casual-Backpack/dp/B08Z1HHHTD
21,Skybags Brat Black 46 Cms Casual Backpack,630,4.1,/Skybags-Brat-Black-Casual-Backpack/dp/B08Z1HHHTD
22,Skybags Brat Black 46 Cms Casual Backpack,630,4.1,/Skybags-Brat-Black-Casual-Backpack/dp/B08Z1HHHTD
23,Skybags Brat Black 46 Cms Casual Backpack,630,4.1,/Skybags-Brat-Black-Casual-Backpack/dp/B08Z1HHHTD
24,Half Moon Large 37L Laptop Bag Backpack for menं Women Boys and Girls Luggage Travel Bags with 17.3 inches Laptop Compartment & Rain Cover,749,3.9,/Half-Moon-Resistant-Backpack-Compartment/dp/B0BJ32LQ6X
25,Half Moon Large 37L Laptop Bag Backpack for menं Women Boys and Girls Luggage Travel Bags with 17.3 inches Laptop Compartment & Rain Cover,749,3.9,/Half-Moon-Resistant-Backpack-Compartment/dp/B0BJ32LQ6X
26,Half Moon Large 37L Laptop Bag Backpack for menं Women Boys and Girls Luggage Travel Bags with 17.3 inches Laptop Compartment & Rain Cover,749,3.9,/Half-Moon-Resistant-Backpack-Compartment/dp/B0BJ32LQ6X
27,Half Moon Large 37L Laptop Bag Backpack for menं Women Boys and Girls Luggage Travel Bags with 17.3 inches Laptop Compartment & Rain Cover,749,3.9,/Half-Moon-Resistant-Backpack-Compartment/dp/B0BJ32LQ6X
28,Half Moon Large 37L Laptop Bag Backpack for menं Women Boys and Girls Luggage Travel Bags with 17.3 inches Laptop Compartment & Rain Cover,749,3.9,/Half-Moon-Resistant-Backpack-Compartment/dp/B0BJ32LQ6X
29,Half Moon Large 37L Laptop Bag Backpack for menं Women Boys and Girls Luggage Travel Bags with 17.3 inches Laptop Compartment & Rain Cover,749,3.9,/Half-Moon-Resistant-Backpack-Compartment/dp/B0BJ32LQ6X
30,Half Moon Large 37L Laptop Bag Backpack for menं Women Boys and Girls Luggage Travel Bags with 17.3 inches Laptop Compartment & Rain Cover,749,3.9,/Half-Moon-Resistant-Backpack-Compartment/dp/B0BJ32LQ6X
31,Half Moon Large 37L Laptop Bag Backpack for menं Women Boys and Girls Luggage Travel Bags with 17.3 inches Laptop Compartment & Rain Cover,749,3.9,/Half-Moon-Resistant-Backpack-Compartment/dp/B0BJ32LQ6X
32,"FUR JADEN Anti Theft Number Lock Backpack Bag with 15.6 Inch Laptop Compartment, USB Charging Port & Organizer Pocket for Men Women Boys Girls",699,4.0,/Number-Backpack-Compartment-Charging-Organizer/dp/B09VTDMRY7
33,"FUR JADEN Anti Theft Number Lock Backpack Bag with 15.6 Inch Laptop Compartment, USB Charging Port & Organizer Pocket for Men Women Boys Girls",699,4.0,/Number-Backpack-Compartment-Charging-Organizer/dp/B09VTDMRY7
34,"FUR JADEN Anti Theft Number Lock Backpack Bag with 15.6 Inch Laptop Compartment, USB Charging Port & Organizer Pocket for Men Women Boys Girls",699,4.0,/Number-Backpack-Compartment-Charging-Organizer/dp/B09VTDMRY7
35,"FUR JADEN Anti Theft Number Lock Backpack Bag with 15.6 Inch Laptop Compartment, USB Charging Port & Organizer Pocket for Men Women Boys Girls",699,4.0,/Number-Backpack-Compartment-Charging-Organizer/dp/B09VTDMRY7
36,"FUR JADEN Anti Theft Number Lock Backpack Bag with 15.6 Inch Laptop Compartment, USB Charging Port & Organizer Pocket for Men Women Boys Girls",699,4.0,/Number-Backpack-Compartment-Charging-Organizer/dp/B09VTDMRY7
37,"FUR JADEN Anti Theft Number Lock Backpack Bag with 15.6 Inch Laptop Compartment, USB Charging Port & Organizer Pocket for Men Women Boys Girls",699,4.0,/Number-Backpack-Compartment-Charging-Organizer/dp/B09VTDMRY7
38,"FUR JADEN Anti Theft Number Lock Backpack Bag with 15.6 Inch Laptop Compartment, USB Charging Port & Organizer Pocket for Men Women Boys Girls",699,4.0,/Number-Backpack-Compartment-Charging-Organizer/dp/B09VTDMRY7
39,"FUR JADEN Anti Theft Number Lock Backpack Bag with 15.6 Inch Laptop Compartment, USB Charging Port & Organizer Pocket for Men Women Boys Girls",699,4.0,/Number-Backpack-Compartment-Charging-Organizer/dp/B09VTDMRY7
40,ADISA 15.6 inch Laptop Backpack Office Bag College Travel Back Pack 32 Ltrs (z-Navy Blue),499,3.9,/ADISA-Laptop-Backpack-Office-College/dp/B09TPX22NF
41,ADISA 15.6 inch Laptop Backpack Office Bag College Travel Back Pack 32 Ltrs (z-Navy Blue),499,3.9,/ADISA-Laptop-Backpack-Office-College/dp/B09TPX22NF
42,ADISA 15.6 inch Laptop Backpack Office Bag College Travel Back Pack 32 Ltrs (z-Navy Blue),499,3.9,/ADISA-Laptop-Backpack-Office-College/dp/B09TPX22NF
43,ADISA 15.6 inch Laptop Backpack Office Bag College Travel Back Pack 32 Ltrs (z-Navy Blue),499,3.9,/ADISA-Laptop-Backpack-Office-College/dp/B09TPX22NF
44,ADISA 15.6 inch Laptop Backpack Office Bag College Travel Back Pack 32 Ltrs (z-Navy Blue),499,3.9,/ADISA-Laptop-Backpack-Office-College/dp/B09TPX22NF
45,ADISA 15.6 inch Laptop Backpack Office Bag College Travel Back Pack 32 Ltrs (z-Navy Blue),499,3.9,/ADISA-Laptop-Backpack-Office-College/dp/B09TPX22NF
46,ADISA 15.6 inch Laptop Backpack Office Bag College Travel Back Pack 32 Ltrs (z-Navy Blue),499,3.9,/ADISA-Laptop-Backpack-Office-College/dp/B09TPX22NF
47,ADISA 15.6 inch Laptop Backpack Office Bag College Travel Back Pack 32 Ltrs (z-Navy Blue),499,3.9,/ADISA-Laptop-Backpack-Office-College/dp/B09TPX22NF
48,"Half Moon 35L Water Resistant 15.6 inch Laptop Bag for Men/Backpack for Men, Navy Blue | Office Bag for Men/Office Bag for Women with Padded Laptop Compartment | Rain Cover & Reflective Strips",529,3.9,/Half-Moon-Waterproof-Backpack-Students/dp/B085MHDJ93
49,"Half Moon 35L Water Resistant 15.6 inch Laptop Bag for Men/Backpack for Men, Navy Blue | Office Bag for Men/Office Bag for Women with Padded Laptop Compartment | Rain Cover & Reflective Strips",529,3.9,/Half-Moon-Waterproof-Backpack-Students/dp/B085MHDJ93
50,"Half Moon 35L Water Resistant 15.6 inch Laptop Bag for Men/Backpack for Men, Navy Blue | Office Bag for Men/Office Bag for Women with Padded Laptop Compartment | Rain Cover & Reflective Strips",529,3.9,/Half-Moon-Waterproof-Backpack-Students/dp/B085MHDJ93
51,"Half Moon 35L Water Resistant 15.6 inch Laptop Bag for Men/Backpack for Men, Navy Blue | Office Bag for Men/Office Bag for Women with Padded Laptop Compartment | Rain Cover & Reflective Strips",529,3.9,/Half-Moon-Waterproof-Backpack-Students/dp/B085MHDJ93
52,"Half Moon 35L Water Resistant 15.6 inch Laptop Bag for Men/Backpack for Men, Navy Blue | Office Bag for Men/Office Bag for Women with Padded Laptop Compartment | Rain Cover & Reflective Strips",529,3.9,/Half-Moon-Waterproof-Backpack-Students/dp/B085MHDJ93
53,"Half Moon 35L Water Resistant 15.6 inch Laptop Bag for Men/Backpack for Men, Navy Blue | Office Bag for Men/Office Bag for Women with Padded Laptop Compartment | Rain Cover & Reflective Strips",529,3.9,/Half-Moon-Waterproof-Backpack-Students/dp/B085MHDJ93
54,"Half Moon 35L Water Resistant 15.6 inch Laptop Bag for Men/Backpack for Men, Navy Blue | Office Bag for Men/Office Bag for Women with Padded Laptop Compartment | Rain Cover & Reflective Strips",529,3.9,/Half-Moon-Waterproof-Backpack-Students/dp/B085MHDJ93
55,"Half Moon 35L Water Resistant 15.6 inch Laptop Bag for Men/Backpack for Men, Navy Blue | Office Bag for Men/Office Bag for Women with Padded Laptop Compartment | Rain Cover & Reflective Strips",529,3.9,/Half-Moon-Waterproof-Backpack-Students/dp/B085MHDJ93
56,"American Tourister VALEX BLUE LAPTOP BACKPACK 28 Ltrs,Volume, LAPTOP COMPARTMENT, BOTTLE POCKET, FRONT ORGANIZER","1,299",4.3,/American-Tourister-BACKPACK-COMPARTMENT-ORGANIZER/dp/B0BTD4FK9G
57,"American Tourister VALEX BLUE LAPTOP BACKPACK 28 Ltrs,Volume, LAPTOP COMPARTMENT, BOTTLE POCKET, FRONT ORGANIZER","1,299",4.3,/American-Tourister-BACKPACK-COMPARTMENT-ORGANIZER/dp/B0BTD4FK9G
58,"American Tourister VALEX BLUE LAPTOP BACKPACK 28 Ltrs,Volume, LAPTOP COMPARTMENT, BOTTLE POCKET, FRONT ORGANIZER","1,299",4.3,/American-Tourister-BACKPACK-COMPARTMENT-ORGANIZER/dp/B0BTD4FK9G
59,"American Tourister VALEX BLUE LAPTOP BACKPACK 28 Ltrs,Volume, LAPTOP COMPARTMENT, BOTTLE POCKET, FRONT ORGANIZER","1,299",4.3,/American-Tourister-BACKPACK-COMPARTMENT-ORGANIZER/dp/B0BTD4FK9G
60,"American Tourister VALEX BLUE LAPTOP BACKPACK 28 Ltrs,Volume, LAPTOP COMPARTMENT, BOTTLE POCKET, FRONT ORGANIZER","1,299",4.3,/American-Tourister-BACKPACK-COMPARTMENT-ORGANIZER/dp/B0BTD4FK9G
61,"American Tourister VALEX BLUE LAPTOP BACKPACK 28 Ltrs,Volume, LAPTOP COMPARTMENT, BOTTLE POCKET, FRONT ORGANIZER","1,299",4.3,/American-Tourister-BACKPACK-COMPARTMENT-ORGANIZER/dp/B0BTD4FK9G
62,"American Tourister VALEX BLUE LAPTOP BACKPACK 28 Ltrs,Volume, LAPTOP COMPARTMENT, BOTTLE POCKET, FRONT ORGANIZER","1,299",4.3,/American-Tourister-BACKPACK-COMPARTMENT-ORGANIZER/dp/B0BTD4FK9G
63,"American Tourister VALEX BLUE LAPTOP BACKPACK 28 Ltrs,Volume, LAPTOP COMPARTMENT, BOTTLE POCKET, FRONT ORGANIZER","1,299",4.3,/American-Tourister-BACKPACK-COMPARTMENT-ORGANIZER/dp/B0BTD4FK9G
64,"FUR JADEN Anti Theft Number Lock Backpack Bag with 15.6 Inch Laptop Compartment, USB Charging Port & Organizer Pocket for Men Women Boys Girls",699,4.0,/Number-Backpack-Compartment-Charging-Organizer/dp/B09VTCNN75
65,"FUR JADEN Anti Theft Number Lock Backpack Bag with 15.6 Inch Laptop Compartment, USB Charging Port & Organizer Pocket for Men Women Boys Girls",699,4.0,/Number-Backpack-Compartment-Charging-Organizer/dp/B09VTCNN75
66,"FUR JADEN Anti Theft Number Lock Backpack Bag with 15.6 Inch Laptop Compartment, USB Charging Port & Organizer Pocket for Men Women Boys Girls",699,4.0,/Number-Backpack-Compartment-Charging-Organizer/dp/B09VTCNN75
67,"FUR JADEN Anti Theft Number Lock Backpack Bag with 15.6 Inch Laptop Compartment, USB Charging Port & Organizer Pocket for Men Women Boys Girls",699,4.0,/Number-Backpack-Compartment-Charging-Organizer/dp/B09VTCNN75
68,"FUR JADEN Anti Theft Number Lock Backpack Bag with 15.6 Inch Laptop Compartment, USB Charging Port & Organizer Pocket for Men Women Boys Girls",699,4.0,/Number-Backpack-Compartment-Charging-Organizer/dp/B09VTCNN75
69,"FUR JADEN Anti Theft Number Lock Backpack Bag with 15.6 Inch Laptop Compartment, USB Charging Port & Organizer Pocket for Men Women Boys Girls",699,4.0,/Number-Backpack-Compartment-Charging-Organizer/dp/B09VTCNN75
70,"FUR JADEN Anti Theft Number Lock Backpack Bag with 15.6 Inch Laptop Compartment, USB Charging Port & Organizer Pocket for Men Women Boys Girls",699,4.0,/Number-Backpack-Compartment-Charging-Organizer/dp/B09VTCNN75
71,"FUR JADEN Anti Theft Number Lock Backpack Bag with 15.6 Inch Laptop Compartment, USB Charging Port & Organizer Pocket for Men Women Boys Girls",699,4.0,/Number-Backpack-Compartment-Charging-Organizer/dp/B09VTCNN75
72,SAFARI 15 Ltrs Sea Blue Casual/School/College Backpack (DAYPACKNEO15CBSEB),248,4.0,/SAFARI-Ltrs-Casual-Backpack-DAYPACKNEO15CBSEB/dp/B07Q7CNPMV
73,SAFARI 15 Ltrs Sea Blue Casual/School/College Backpack (DAYPACKNEO15CBSEB),248,4.0,/SAFARI-Ltrs-Casual-Backpack-DAYPACKNEO15CBSEB/dp/B07Q7CNPMV
74,SAFARI 15 Ltrs Sea Blue Casual/School/College Backpack (DAYPACKNEO15CBSEB),248,4.0,/SAFARI-Ltrs-Casual-Backpack-DAYPACKNEO15CBSEB/dp/B07Q7CNPMV
75,SAFARI 15 Ltrs Sea Blue Casual/School/College Backpack (DAYPACKNEO15CBSEB),248,4.0,/SAFARI-Ltrs-Casual-Backpack-DAYPACKNEO15CBSEB/dp/B07Q7CNPMV
76,SAFARI 15 Ltrs Sea Blue Casual/School/College Backpack (DAYPACKNEO15CBSEB),248,4.0,/SAFARI-Ltrs-Casual-Backpack-DAYPACKNEO15CBSEB/dp/B07Q7CNPMV
77,SAFARI 15 Ltrs Sea Blue Casual/School/College Backpack (DAYPACKNEO15CBSEB),248,4.0,/SAFARI-Ltrs-Casual-Backpack-DAYPACKNEO15CBSEB/dp/B07Q7CNPMV
78,SAFARI 15 Ltrs Sea Blue Casual/School/College Backpack (DAYPACKNEO15CBSEB),248,4.0,/SAFARI-Ltrs-Casual-Backpack-DAYPACKNEO15CBSEB/dp/B07Q7CNPMV
79,SAFARI 15 Ltrs Sea Blue Casual/School/College Backpack (DAYPACKNEO15CBSEB),248,4.0,/SAFARI-Ltrs-Casual-Backpack-DAYPACKNEO15CBSEB/dp/B07Q7CNPMV
80,"TRUE HUMAN Emperor Anti-Theft backpack With USB charging Port Laptop Bag, Office bag, college bag and anti -theft back pocket (Black)",599,3.8,/TRUE-HUMAN-Anti-Theft-backpack-charging/dp/B09QJ7ZF2Y
81,"TRUE HUMAN Emperor Anti-Theft backpack With USB charging Port Laptop Bag, Office bag, college bag and anti -theft back pocket (Black)",599,3.8,/TRUE-HUMAN-Anti-Theft-backpack-charging/dp/B09QJ7ZF2Y
82,"TRUE HUMAN Emperor Anti-Theft backpack With USB charging Port Laptop Bag, Office bag, college bag and anti -theft back pocket (Black)",599,3.8,/TRUE-HUMAN-Anti-Theft-backpack-charging/dp/B09QJ7ZF2Y
83,"TRUE HUMAN Emperor Anti-Theft backpack With USB charging Port Laptop Bag, Office bag, college bag and anti -theft back pocket (Black)",599,3.8,/TRUE-HUMAN-Anti-Theft-backpack-charging/dp/B09QJ7ZF2Y
84,"TRUE HUMAN Emperor Anti-Theft backpack With USB charging Port Laptop Bag, Office bag, college bag and anti -theft back pocket (Black)",599,3.8,/TRUE-HUMAN-Anti-Theft-backpack-charging/dp/B09QJ7ZF2Y
85,"TRUE HUMAN Emperor Anti-Theft backpack With USB charging Port Laptop Bag, Office bag, college bag and anti -theft back pocket (Black)",599,3.8,/TRUE-HUMAN-Anti-Theft-backpack-charging/dp/B09QJ7ZF2Y
86,"TRUE HUMAN Emperor Anti-Theft backpack With USB charging Port Laptop Bag, Office bag, college bag and anti -theft back pocket (Black)",599,3.8,/TRUE-HUMAN-Anti-Theft-backpack-charging/dp/B09QJ7ZF2Y
87,"TRUE HUMAN Emperor Anti-Theft backpack With USB charging Port Laptop Bag, Office bag, college bag and anti -theft back pocket (Black)",599,3.8,/TRUE-HUMAN-Anti-Theft-backpack-charging/dp/B09QJ7ZF2Y
88,Fur Jaden Brown Textured Leatherette Stylish & Spacious Weekender Duffle Bag for Travel,899,4.3,/FUR-JADEN-Leatherette-Polypropylene-DUFF05/dp/B07M9BRCQ5
89,Fur Jaden Brown Textured Leatherette Stylish & Spacious Weekender Duffle Bag for Travel,899,4.3,/FUR-JADEN-Leatherette-Polypropylene-DUFF05/dp/B07M9BRCQ5
90,Fur Jaden Brown Textured Leatherette Stylish & Spacious Weekender Duffle Bag for Travel,899,4.3,/FUR-JADEN-Leatherette-Polypropylene-DUFF05/dp/B07M9BRCQ5
91,Fur Jaden Brown Textured Leatherette Stylish & Spacious Weekender Duffle Bag for Travel,899,4.3,/FUR-JADEN-Leatherette-Polypropylene-DUFF05/dp/B07M9BRCQ5
92,Fur Jaden Brown Textured Leatherette Stylish & Spacious Weekender Duffle Bag for Travel,899,4.3,/FUR-JADEN-Leatherette-Polypropylene-DUFF05/dp/B07M9BRCQ5
93,Fur Jaden Brown Textured Leatherette Stylish & Spacious Weekender Duffle Bag for Travel,899,4.3,/FUR-JADEN-Leatherette-Polypropylene-DUFF05/dp/B07M9BRCQ5
94,Fur Jaden Brown Textured Leatherette Stylish & Spacious Weekender Duffle Bag for Travel,899,4.3,/FUR-JADEN-Leatherette-Polypropylene-DUFF05/dp/B07M9BRCQ5
95,Fur Jaden Brown Textured Leatherette Stylish & Spacious Weekender Duffle Bag for Travel,899,4.3,/FUR-JADEN-Leatherette-Polypropylene-DUFF05/dp/B07M9BRCQ5
96,Safari Seek 45 Ltrs Overnighter Expandable Travel Laptop Backpack,"1,999",4.5,/Safari-45L-21-OB-BLK/dp/B07BZ5VC4H
97,Safari Seek 45 Ltrs Overnighter Expandable Travel Laptop Backpack,"1,999",4.5,/Safari-45L-21-OB-BLK/dp/B07BZ5VC4H
98,Safari Seek 45 Ltrs Overnighter Expandable Travel Laptop Backpack,"1,999",4.5,/Safari-45L-21-OB-BLK/dp/B07BZ5VC4H
99,Safari Seek 45 Ltrs Overnighter Expandable Travel Laptop Backpack,"1,999",4.5,/Safari-45L-21-OB-BLK/dp/B07BZ5VC4H
100,Safari Seek 45 Ltrs Overnighter Expandable Travel Laptop Backpack,"1,999",4.5,/Safari-45L-21-OB-BLK/dp/B07BZ5VC4H
101,Safari Seek 45 Ltrs Overnighter Expandable Travel Laptop Backpack,"1,999",4.5,/Safari-45L-21-OB-BLK/dp/B07BZ5VC4H
102,Safari Seek 45 Ltrs Overnighter Expandable Travel Laptop Backpack,"1,999",4.5,/Safari-45L-21-OB-BLK/dp/B07BZ5VC4H
103,Safari Seek 45 Ltrs Overnighter Expandable Travel Laptop Backpack,"1,999",4.5,/Safari-45L-21-OB-BLK/dp/B07BZ5VC4H
104,Lunar's Bingo - 48 L Laptop Office/School/Travel/Business Backpack Water Resistant - Fits Up to 15.6 Inch Laptop Notebook with 1 Year Warranty,899,3.9,/Lunars-Bingo-Laptop-Resistant-48L/dp/B08YZ8FFBZ
105,Lunar's Bingo - 48 L Laptop Office/School/Travel/Business Backpack Water Resistant - Fits Up to 15.6 Inch Laptop Notebook with 1 Year Warranty,899,3.9,/Lunars-Bingo-Laptop-Resistant-48L/dp/B08YZ8FFBZ
106,Lunar's Bingo - 48 L Laptop Office/School/Travel/Business Backpack Water Resistant - Fits Up to 15.6 Inch Laptop Notebook with 1 Year Warranty,899,3.9,/Lunars-Bingo-Laptop-Resistant-48L/dp/B08YZ8FFBZ
107,Lunar's Bingo - 48 L Laptop Office/School/Travel/Business Backpack Water Resistant - Fits Up to 15.6 Inch Laptop Notebook with 1 Year Warranty,899,3.9,/Lunars-Bingo-Laptop-Resistant-48L/dp/B08YZ8FFBZ
108,Lunar's Bingo - 48 L Laptop Office/School/Travel/Business Backpack Water Resistant - Fits Up to 15.6 Inch Laptop Notebook with 1 Year Warranty,899,3.9,/Lunars-Bingo-Laptop-Resistant-48L/dp/B08YZ8FFBZ
109,Lunar's Bingo - 48 L Laptop Office/School/Travel/Business Backpack Water Resistant - Fits Up to 15.6 Inch Laptop Notebook with 1 Year Warranty,899,3.9,/Lunars-Bingo-Laptop-Resistant-48L/dp/B08YZ8FFBZ
110,Lunar's Bingo - 48 L Laptop Office/School/Travel/Business Backpack Water Resistant - Fits Up to 15.6 Inch Laptop Notebook with 1 Year Warranty,899,3.9,/Lunars-Bingo-Laptop-Resistant-48L/dp/B08YZ8FFBZ
111,Lunar's Bingo - 48 L Laptop Office/School/Travel/Business Backpack Water Resistant - Fits Up to 15.6 Inch Laptop Notebook with 1 Year Warranty,899,3.9,/Lunars-Bingo-Laptop-Resistant-48L/dp/B08YZ8FFBZ
112,Wesley Spartan Unisex Travel Hiking Laptop Bag fits Upto 17.3 inch with Raincover and Internal Organiser Backpack Rucksack College Bag,698,4.1,/Wesley-Spartan-Hiking-Raincover-Organiser/dp/B098QFF5TJ
113,Wesley Spartan Unisex Travel Hiking Laptop Bag fits Upto 17.3 inch with Raincover and Internal Organiser Backpack Rucksack College Bag,698,4.1,/Wesley-Spartan-Hiking-Raincover-Organiser/dp/B098QFF5TJ
114,Wesley Spartan Unisex Travel Hiking Laptop Bag fits Upto 17.3 inch with Raincover and Internal Organiser Backpack Rucksack College Bag,698,4.1,/Wesley-Spartan-Hiking-Raincover-Organiser/dp/B098QFF5TJ
115,Wesley Spartan Unisex Travel Hiking Laptop Bag fits Upto 17.3 inch with Raincover and Internal Organiser Backpack Rucksack College Bag,698,4.1,/Wesley-Spartan-Hiking-Raincover-Organiser/dp/B098QFF5TJ
116,Wesley Spartan Unisex Travel Hiking Laptop Bag fits Upto 17.3 inch with Raincover and Internal Organiser Backpack Rucksack College Bag,698,4.1,/Wesley-Spartan-Hiking-Raincover-Organiser/dp/B098QFF5TJ
117,Wesley Spartan Unisex Travel Hiking Laptop Bag fits Upto 17.3 inch with Raincover and Internal Organiser Backpack Rucksack College Bag,698,4.1,/Wesley-Spartan-Hiking-Raincover-Organiser/dp/B098QFF5TJ
118,Wesley Spartan Unisex Travel Hiking Laptop Bag fits Upto 17.3 inch with Raincover and Internal Organiser Backpack Rucksack College Bag,698,4.1,/Wesley-Spartan-Hiking-Raincover-Organiser/dp/B098QFF5TJ
119,Wesley Spartan Unisex Travel Hiking Laptop Bag fits Upto 17.3 inch with Raincover and Internal Organiser Backpack Rucksack College Bag,698,4.1,/Wesley-Spartan-Hiking-Raincover-Organiser/dp/B098QFF5TJ
120,Gear Aspire 30L Water Restant Office Laptop Bag/Backpack for Men/Women/(Black),"1,099",4.3,/Gear-Black-Laptop-Backpack-LBPASPIRE0104/dp/B075MK4TXP
121,Gear Aspire 30L Water Restant Office Laptop Bag/Backpack for Men/Women/(Black),"1,099",4.3,/Gear-Black-Laptop-Backpack-LBPASPIRE0104/dp/B075MK4TXP
122,Gear Aspire 30L Water Restant Office Laptop Bag/Backpack for Men/Women/(Black),"1,099",4.3,/Gear-Black-Laptop-Backpack-LBPASPIRE0104/dp/B075MK4TXP
123,Gear Aspire 30L Water Restant Office Laptop Bag/Backpack for Men/Women/(Black),"1,099",4.3,/Gear-Black-Laptop-Backpack-LBPASPIRE0104/dp/B075MK4TXP
124,Gear Aspire 30L Water Restant Office Laptop Bag/Backpack for Men/Women/(Black),"1,099",4.3,/Gear-Black-Laptop-Backpack-LBPASPIRE0104/dp/B075MK4TXP
125,Gear Aspire 30L Water Restant Office Laptop Bag/Backpack for Men/Women/(Black),"1,099",4.3,/Gear-Black-Laptop-Backpack-LBPASPIRE0104/dp/B075MK4TXP
126,Gear Aspire 30L Water Restant Office Laptop Bag/Backpack for Men/Women/(Black),"1,099",4.3,/Gear-Black-Laptop-Backpack-LBPASPIRE0104/dp/B075MK4TXP
127,Gear Aspire 30L Water Restant Office Laptop Bag/Backpack for Men/Women/(Black),"1,099",4.3,/Gear-Black-Laptop-Backpack-LBPASPIRE0104/dp/B075MK4TXP
